,en,zh-CN,am,ar,bg,bn,ca,cs,da,de,el,es-419,es,et,fa,fi,fil,fr,gu,he,hi,hr,hu,id,it,ja,kn,ko,lt,lv,ml,mr,ms,nl,no,pl,pt-BR,pt-PT,ro,ru,sk,sl,sr,sv,sw,ta,te,th,tr,uk,vi,zh-TW
openInPip,Open in Copilot window,在 Copilot 窗口中打开,በCopilot የምጥ ገጽ ክፍል ክፈት,افتح في نافذة كوبيلوت,Отвори в Copilot прозорец,Copilot উইন্ডোতে খুলুন,Obri en finestra del Copilot,Otevřít v okně Copilot,Åbn i Copilot-vindue,In Copilot-Fenster öffnen,Ανοίξτε στο παράθυρο του Copilot,Abrir en ventana de Copilot,Abrir en ventana de Copilot,Avage Copiloti aken,باز کردن در پنجره Copilot,Avaa Copilot-ikkunassa,Buksan sa bintana ng Copilot,Ouvrir dans la fenêtre Copilot,કોપિલોટ વિંડોમાં ખોલો,פתח בחלון Copilot,कोपाइलट विंडो में खोलें,Otvori u CoPilot prozoru,Megnyitás a Copilot ablakban,Buka dalam jendela Copilot,Apri nella finestra di Copilot,コパイロットウィンドウで開く,ಕೊಪಿಲೋಟ್ ವಿಂಡೋದಲ್ಲಿ ತೆರೆಯಿರಿ,Copilot 창에서 열기,Atidaryti „Copilot“ langą,Atvērt Copilot logā,കോപിലോറ്റ് ജിപ്പി ജോളം തുറക്കുക,कोपायलटच्या विंडोमध्ये उघडा,Buka dalam tetingkap Copilot,Open in Copilot-venster,Åpne i Copilot-vindu,Otwórz w oknie Copilot,Abrir na janela do Copilot,Abrir em janela do Copilot,Deschide în fereastra Copilot,Открыть в окне Copilot,Otvoriť v okne Copilot,Odpri v oknu Copilot,Отвори у прозору Копилота,Öppna i Copilot-fönster,Fungua kwenye dirisha la Copilot,கிளிக் மேல் இங்கே திற,కొపీలోట్ విండోలో తెరలంచండి,เปิดในหน้าต่าง Copilot,Copilot penceresinde aç,Відкрити у вікні Copilot,Mở trong cửa sổ Copilot,在 Copilot 窗口中打開
other,Other,其他,ሌሎች,آخر,Друго,অন্যান্য,Altres,Další,Andet,Andere,Άλλο,Otro,Otro,Muu,سایر,Muu,Iba pa,Autre,અન્ય,אחר,अन्य,Ostalo,Egyéb,Lainnya,Altro,その他,ಇತರೆ,기타,Kitas,Cits,മറ്റ്,इतर,Lain-lain,Andere,Annet,Inne,Outro,Outro,Altele,Другое,Iné,Drugo,Остало,Annan,Nyingine,பிற,ఇతర,อื่น ๆ,Diğer,Інше,Khác,其他
clickHere,Click Here,点击这里,እዚህ ጠቅ ያድርጉ,انقر هنا,Цъкни тук,এখানে ক্লিক করুন,Clica aquí,Klikněte zde,Klik her,Hier klicken,Κάντε κλικ εδώ,Haz clic aquí,Haz clic aquí,Klõpsake siin,اینجا کلیک کنید,Klikkaa tästä,I-click Dito,Cliquez ici,અહીં ક્લિક કરો,לחץ כאן,यहां क्लिक करें,Kliknite ovdje,Kattintson ide,Klik Disini,Clicca qui,ここをクリック,ಇಲ್ಲಿ ಕ್ಲಿಕ್ ಮಾಡಿ,여기를 클릭하세요,Spustelėkite čia,Noklikšķiniet šeit,ഇവിടെ ക്ലിക്ക് ചെയ്യുക,येथे क्लिक करा,Klik di sini,Klik hier,Klikk her,Kliknij tutaj,Clique aqui,Clique aqui,Click aici,Нажмите здесь,Kliknite sem,Klikni tukaj,Кликни овде,Klicka här,Bonyeza Hapa,இங்கே திட்டமிடு,ఇక్కడ రాండండి,คลิกที่นี่,Buraya tıklayın,Натисніть тут,Nhấp vào đây,點擊這裡
minimize,Minimize,最小化,ምንጭ,تصغير,Минимизиране,সর্বনিম্ন,Minimitza,Minimalizovat,Minimer,Minimieren,Ελαχιστοποίηση,Minimizar,Minimizar,Vähenda,کمینه کردن,Pienennä,Ibawas,Minimiser,ઘટાડો,מזער,कम करें,Smanji,Kis méret,Miminimalkan,Minimizza,最小化,ಕುಗ್ಗಿಸಿ,최소화,Mažinti,Minimizēt,ഇടത്തരിക്കുക,कमी करा,Kurangkan,Minimaliseren,Minimer,Zminimalizuj,Minimizar,Minimizar,Minimizează,Минимизировать,Minimalizovať,Minimaliziraj,Minimiziraj,Minimera,Kupunguza,சுருக்கப்படுதல்,తక్కువ చేయడం,ย่อ,Küçült,Мінімізувати,Thu nhỏ,最小化
moveAside,Move aside,移到旁边,ቀስት ለማግኘት,تحريك جانباً,Премести настрана,পাশে সরান,Aparta,Přesunout stranou,Flyt til side,Beiseite bewegen,Μετακίνηση στην πλευρά,Mover a un lado,Mover a un lado,Liiguta kõrvale,جابجا شدن,Siirrä sivuun,Ilipat sa tabi,Déplacer de côté,અપર ચાલો,הזז בצד,दूर हटें,Pomakni na stranu,Elmozdít,Pindah ke samping,Sposta da parte,一旦寄せる,ಬೆಳಕು ನೀಡಿ,옆으로 이동,Nustumti šalin,Pagriezt malā,വലത്തരിക്കുക,पाठवा,Bersisih,Opzij zetten,Flytt til side,Przesuń na bok,Mover para o lado,Mover para o lado,Mută în lateral,Убрать в сторону,Presunúť bokom,Premakni na stran,Pomeri na stranu,Flytta åt sidan,Hama kando,பக்கத்திற்கு நீக்கு,చేరుకుందండి,เลื่อนข้างหลัง,Kenara Taşı,Відкрити сторонній,Di chuyển sang một bên,移到旁邊
close,Close,关闭,ዝጋ,إغلاق,Затвори,বন্ধ করুন,Tanca,Zavřít,Luk,Schließen,Κλείσιμο,Cerrar,Cerrar,Sulge,بستن,Sulje,Isara,Fermer,બંધ,סגור,बंद करें,Zatvori,Bezárás,Tutup,Chiudi,閉じる,ಮುಚ್ಚಿ,닫기,Uždaryti,Aizvērt,അടുത്തവെക്കുക,बंद करा,Tutup,Sluiten,Lukk,Zamknij,Fechar,Fechar,Închide,Закрыть,Zatvoriť,Zapri,Zatvori,Stäng,Funga,மூடு,మూసివేయి,ปิด,Kapat,Закрити,Đóng,關閉
refresh,Refresh,刷新,አስተካክል,تحديث,Обнови,পুনরায় লোড করুন,Refresca,Obnovit,Opdater,Aktualisieren,Ανανέωση,Actualizar,Refrescar,Värskenda,تازه‌سازی,Päivitä,I-refresh,Actualiser,રિફ્રેશ,רענן,ताज़ा करें,Osvježi,Frissítés,Segarkan,Aggiorna,更新,ರಿಫ್ರೆಶ್,새로고침,Atnaujinti,Atsvaidzināt,പുതുക്കുക,ताज्या करा,Muat semula,Vernieuwen,Oppdater,Odśwież,Atualizar,Atualizar,Reîmprospătează,Обновить,Obnoviť,Osveži,Osveži,Uppdatera,Sasisha,புதுப்பிக்க,తాజాకరించండి,รีเฟรช,Yenile,Оновити,Làm mới,刷新
protectedTabTips,This page is protected by browser,当前页面受浏览器保护,ይህ ገጽ በመሳሪያ መሳሪያ የተጠበቀ ነው,هذه الصفحة محمية بواسطة المتصفح,Тази страница е защитена от браузъра,এই পৃষ্ঠাটি ব্রাউজার দ্বারা সুরক্ষিত,Aquesta pàgina està protegida pel navegador,Tato stránka je chráněna prohlížečem,Denne side er beskyttet af browseren,Diese Seite ist durch den Browser geschützt,Αυτή η σελίδα προστατεύεται από τον περιηγητή,Esta página está protegida por el navegador,Esta página está protegida por el navegador,See lehekülg on kaitstud brauseri poolt,این صفحه توسط مرورگر محافظت می‌شود,Tämä sivu on suojattu selaimen toimesta,Protektado ng browser ang pahinang ito,Cette page est protégée par le navigateur,આ પાનું બ્રાઉઝર દ્વારા સુરક્ષિત છે,דף זה מוגן על ידי הדפדפן,यह पृष्ठ ब्राउज़र द्वारा सुरक्षित है,Ova stranica je zaštićena preglednikom,Ezt az oldalt a böngésző védi,Halaman ini dilindungi oleh browser,Questa pagina è protetta dal browser,このページはブラウザによって保護されています,ಈ ಪುಟವನ್ನು ಬ್ರೌಸರ್‌ ರಕ್ಷಿಸಿದೆ,이 페이지는 브라우저에 의해 보호됩니다,Šis puslapis apsaugotas naršyklės,Šī lapa ir aizsargāta ar pārlūkprogrammu,ഈ പേജ് ബ്രൗസർ സംരക്ഷിക്കുന്നു,हे पृष्ठ ब्राउझरने संरक्षित केले आहे,Halaman ini dilindungi oleh pelayar,Deze pagina is beschermd door de browser,Denne siden er beskyttet av nettleseren,Ta strona jest chroniona przez przeglądarkę,Esta página está protegida pelo navegador,Esta página está protegida pelo navegador,Această pagină este protejată de browser,Эта страница защищена браузером,Táto stránka je chránená prehliadačom,Ta stran je zaščitena z brskalnikom,Ова страница је заштићена прегледачем,Denna sida skyddas av webbläsaren,Ukurasa huu umelindwa na kivinjari,இந்த பக்கம் உலாவியால் பாதுகாக்கப்படுகிறது,ఈ పేజీని బ్రౌజర్ రక్షించింది,หน้านี้ได้รับการป้องกันโดยเบราว์เซอร์,Bu sayfa tarayıcı tarafından korunmaktadır,Ця сторінка захищена браузером,Trang này được bảo vệ bởi trình duyệt,此頁面受到瀏覽器保護
prompt,Prompt,Prompt,መረጃ,المطالبة,Подкана,প্রম্পট,Sol·licitud,Výzva,Prompt,Aufforderung,Προτροπή,Indicación,Indicación,Käsk,درخواست,Kehote,Prompt,Invite,પ્રોમ્પ્ટ,הפניה,प्रॉम्प्ट,Poziv,Felszólítás,Prompt,Prompt,プロンプト,ಪ್ರಾಂಪ್ಟ್,프롬프트,Raginimas,Uzaicinājums,പ്രോംപ്റ്റ്,प्रॉम्प्ट,Arahan,Prompt,Kommando,Monit,Prompt,Prompt,Prompt,Приглашение,Prompt,Prompt,Prompt,Prompt,Prompt,Prompt,Prompt,Prompt,Prompt,Запит,Prompt,Prompt
message,Message,消息,መልእክት,رسالة,Съобщение,বার্তা,Missatge,Zpráva,Besked,Nachricht,Μήνυμα,Mensaje,Mensaje,Sõnum,پیام,Viesti,Mensahe,Message,સંદેશ,הודעה,संदेश,Poruka,Üzenet,Pesan,Messaggio,メッセージ,ಸಂದೇಶ,메시지,Žinutė,Ziņojums,സന്ദേശം,संदेश,Mesej,Bericht,Melding,Wiadomość,Mensagem,Mensagem,Mesaj,Сообщение,Správa,Sporočilo,Poruka,Meddelande,Ujumbe,செய்தி,సందేశం,ข้อความ,Mesaj,Повідомлення,Thông điệp,訊息
char,Char,字符,ቁምፊ,حرف,Знак,অক্ষর,Caràcter,Znak,Tegn,Zeichen,Χαρακτήρας,Carácter,Carácter,Tähemärk,کاراکتر,Merkki,Karakter,Caractère,અક્ષર,תו,अक्षर,Znak,Karakter,Karakter,Carattere,文字,ಅಕ್ಷರ,문자,Simbolis,Rakstzīme,അക്ഷരം,अक्षर,Aksara,Karakter,Tegn,Znak,Caráter,Caráter,Caracter,Символ,Znak,Znak,Karakter,Tecken,Herufi,எழுத்து,అక్షరం,ตัวอักษร,Karakter,Символ,Ký tự,字元
reset,Reset,重置,ዳግም ጀምር,إعادة تعيين,Нулиране,রিসেট,Restablir,Resetovat,Nulstil,Zurücksetzen,Επαναφορά,Reiniciar,Reiniciar,Lähtesta,بازنشانی,Nollaa,I-reset,Réinitialiser,રીસેટ કરો,איפוס,रीसेट,Resetiraj,Visszaállítás,Atur Ulang,Reimposta,リセット,ಮರುಹೊಂದಿಸಿ,재설정,Atstatyti,Atiestatīt,പുനഃസജ്ജമാക്കുക,रीसेट करा,Tetap Semula,Resetten,Tilbakestill,Resetuj,Redefinir,Redefinir,Resetează,Сброс,Resetovať,Ponastavi,Resetuj,Återställ,Weka Upya,மீட்டமை,రీసెట్,รีเซ็ต,Sıfırla,Скинути,Đặt lại,重設
copy,Copy,复制,ኮፒ,نسخ,Копиране,অনুলিপি,Còpia,Kopírovat,Kopiér,Kopieren,Αντιγραφή,Copiar,Copiar,Kopeeri,کپی,Kopioi,Kopyahin,Copier,કૉપિ,העתק,कॉपी,Kopiraj,Másolás,Salin,Copia,コピー,ನಕಲಿಸಿ,복사,Kopijuoti,Kopēt,പകർത്തുക,कॉपी,Salin,Kopiëren,Kopier,Kopiuj,Copiar,Copiar,Copiază,Копировать,Kopírovať,Kopiraj,Kopiraj,Kopiera,Nakili,நகல்,కాపీ,คัดลอก,Kopyala,Копіювати,Sao chép,複製
copied,Copied,已复制,ተኮፒ ሆኗል,تم النسخ,Копирано,অনুলিপি করা হয়েছে,Copiat,Zkopírováno,Kopieret,Kopiert,Αντιγράφηκε,Copiado,Copiado,Kopeeritud,کپی شده,Kopioitu,Nakopya,Copié,કૉપિ થઈ ગયું,הועתק,कॉपी किया गया,Kopirano,Másolva,Tersalin,Copiato,コピー済み,ನಕಲಿಸಲಾಗಿದೆ,복사됨,Nukopijuota,Nokopēts,പകർത്തി,कॉपी झाले,Telah Disalin,Gekopieerd,Kopiert,Skopiowane,Copiado,Copiado,Copiat,Скопировано,Skopírované,Kopirano,Kopirano,Kopierat,Imenakiliwa,நகலிடப்பட்டது,కాపీ చేయబడింది,คัดลอกแล้ว,Kopyalandı,Скопійовано,Đã sao chép,已複製
pause,Pause,暂停,እቅፍ,توقف,Пауза,বিরতি,Pausa,Pauza,Pause,Pause,Παύση,Pausa,Pausa,Paus,توقف,Tauko,Pahinga,Pause,વિરામ,השהייה,विराम,Pauza,Szünet,Jeda,Pausa,一時停止,ವಿರಾಮ,일시정지,Pauzė,Pauze,ഇടവേള,विराम,Jeda,Pauze,Pause,Pauza,Pausa,Pausa,Pauză,Пауза,Pauza,Pavza,Pauza,Pausa,Sitisha,இடைநிறுத்து,విరామం,หยุดชั่วคราว,Duraklat,Пауза,Tạm dừng,暫停
back,Back,返回,ተመለስ,العودة,Назад,পেছনে,Enrere,Zpět,Tilbage,Zurück,Πίσω,Atrás,Atrás,Tagasi,بازگشت,Takaisin,Bumalik,Retour,પાછળ,חזור,वापस,Natrag,Vissza,Kembali,Indietro,戻る,ಹಿಂತಿರುಗಿ,뒤로,Atgal,Atpakaļ,പിന്നിലേക്ക്,मागे,Kembali,Terug,Tilbake,Wstecz,Voltar,Voltar,Înapoi,Назад,Späť,Nazaj,Nazad,Tillbaka,Nyuma,பின்பற்று,వెనక్కి,กลับ,Geri,Назад,Quay lại,返回
search,Search,搜索,ፈልግ,البحث,Търсене,অনুসন্ধান,Cerca,Hledat,Søg,Suchen,Αναζήτηση,Buscar,Buscar,Otsi,جستجو,Haku,Maghanap,Rechercher,શોધો,חיפוש,खोज,Pretraga,Keresés,Cari,Cerca,検索,ಹುಡುಕು,검색,Ieškoti,Meklēt,തിരയുക,शोध,Cari,Zoeken,Søk,Szukaj,Buscar,Pesquisar,Caută,Поиск,Hľadať,Iskanje,Pretraga,Sök,Tafuta,தேடு,వెతికి చూడు,ค้นหา,Ara,Пошук,Tìm kiếm,搜尋
promptTemplate,Prompt Template,Prompt模板,ተመርጧል ታሪክ,نموذج التنبيه,Шаблон за подсказка,প্রম্পট টেমপ্লেট,Plantilla d'indicacions,Šablona výzvy,Promptskabelon,Aufforderungsvorlage,Πρότυπο προτροπής,Plantilla de aviso,Plantilla de aviso,Viibimall,الگوی هشدار,Ohjeiden malli,Padron ng Prompt,Modèle de suggestion,પ્રોંપ્ટ ટેમ્પલેટ,תבנית פנימה,पूर्वसूचना टेम्प्लेट,Predložak upita,Kérés sablon,Pola Petunjuk,Modello di promemoria,プロンプトのテンプレート,ಪ್ರಾಂಪ್ಟ್ ಟೆಂಪ್ಲೇಟ್,프롬프트 템플릿,Užklausos šablonas,Piedāvājuma veidne,പ്രോംപ്റ്റ് ടെമ്പ്ലേറ്റ്,सूचना टेम्प्लेट,Templat Pesanan,Prompt sjabloon,Prompt Mal,Szablon Zapytania,Modelo de Prompt,Modelo de Prompt,Șablon Prompt,Шаблон подсказки,Šablóna Pokynu,Predloga Zahteve,Šablon Upita,Promptmall,Kiolezo cha Utatuzi,உதவி வார்ப்பு,ప్రాంప్ట్ మ్యాటింపు,แม่แบบโปรโมต,İstem Şablonu,Шаблон підказки,Mẫu Hướng dẫn,提示模板
cancel,Cancel,取消,ሰርዝ,إلغاء,Отказ,বাতিল,Cancel·lar,Zrušit,Annuller,Abbrechen,Ακύρωση,Cancelar,Cancelar,Tühista,لغو,Peruuta,Itigil,Annuler,રદ કરો,ביטול,रद्द करें,Odustani,Mégse,Batal,Annulla,キャンセル,ರದ್ದು ಮಾಡು,취소,Atšaukti,Atcelt,റദ്ദാക്കുക,रद्द करा,Batal,Annuleren,Avbryt,Anuluj,Cancelar,Cancelar,Anulare,Отмена,Zrušiť,Prekliči,Otkaži,Avbryt,Ghairi,ரத்துசெய்,రద్దు చేయి,ยกเลิก,İptal,Скасувати,Hủy,取消
save,Save,保存,አስቀምጥ,حفظ,Запазване,সংরক্ষণ,Desa,Uložit,Gem,Speichern,Αποθήκευση,Guardar,Guardar,Salvesta,ذخیره,Tallenna,I-save,Enregistrer,સાચવો,שמירה,सहेजें,Spremi,Mentés,Simpan,Salva,保存,ಉಳಿಸು,저장,Išsaugoti,Saglabāt,സേവ്,सेव्ह करा,Simpan,Opslaan,Lagre,Zapisz,Salvar,Guardar,Salvare,Сохранить,Uložiť,Shrani,Sačuvaj,Spara,Hifadhi,சேமிக்க,భద్రపరచు,บันทึก,Kaydet,Зберегти,Lưu,保存
next,Next,下一个,ቀጣይ,التالي,Следващ,পরবর্তী,Següent,Další,Næste,Weiter,Επόμενο,Siguiente,Siguiente,Järgmine,بعدی,Seuraava,Susunod,Suivant,આગામી,הבא,अगला,Sljedeće,Következő,Selanjutnya,Avanti,次へ,ಮುಂದುವರಿಸು,다음,Kitas,Nākamais,അടുത്തത്,पुढे,Seterusnya,Volgende,Neste,Następny,Próximo,Próximo,Următorul,Далее,Ďalej,Naprej,Sledeće,Nästa,Ifuatayo,அடுத்து,తరువాత,ถัดไป,İleri,Далі,Tiếp theo,下一步
chatDocsAddon,Chat with Docs,读取文档,ተንኮል ከ ተረጋጋይ ትምህር ጋር,الدردشة مع المستندات,Чат с документи,ডকুমেন্ট সহ চ্যাট,Xateja amb Documents,Chat s dokumenty,Chat med Dokumenter,Chat mit Dokumenten,Συνομιλία με Έγγραφα,Chat con Documentos,Chat con Documentos,Vestlus dokumentidega,چت با اسناد,Keskustele asiakirjojen kanssa,Usapang may Docs,Discussion avec Docs,ડોક્યુમેન્ટ્સ સાથે ચેટ,צ'אט עם מסמכים,डॉक्यूमेंट्स के साथ चैट,Čavrljanje s dokumentima,Csevegés dokumentumokkal,Obrolan dengan Dokumen,Chat con Documenti,ドキュメントとのチャット,ಡಾಕ್ಸ್ ಸಹ ಚಾಟ್,문서와 채팅,Pokalbis su Dokumentais,Čats ar Dokumentiem,ഡോക്യുമെന്റുകൾ സഹ ചാറ്റ്,दस्तऐवजांसह चॅट,Berbual dengan Dokumen,Chatten met Documenten,Chat med Dokumenter,Czat z Dokumentami,Conversar com Documentos,Conversar com Documentos,Chat cu Documente,Чат с документами,Chat s Dokumentmi,Klepet z Dokumenti,Ćaskanje sa Dokumentima,Chatta med Dokument,Ongea na Nyaraka,ஆவணங்களுடன் உரை,డాక్యుమెంట్స్తో చాట్,พูดคุยกับเอกสาร,Belgelerle Sohbet,Чат з Документами,Trò chuyện với Tài liệu,與文件聊天
newFeature,New Feature,新功能,አዲስ አማራ,ميزة جديدة,Нова функционалност,নতুন বৈশিষ্ট্য,Nova característica,Nová funkce,Ny funktion,Neues Feature,Νέα δυνατότητα,Nueva característica,Nueva característica,Uus funktsioon,ویژگی جدید,Uusi ominaisuus,Bagong Tampok,Nouvelle fonctionnalité,નવું લક્ષણ,תכונה חדשה,नई सुविधा,Nova značajka,Új funkció,Fitur Baru,Nuova funzionalità,新機能,ಹೊಸ ವಿಶೇಷವನ್ನು,새로운 기능,Nauja funkcija,Jauna funkcija,പുതിയ സവിശേഷത,नवीन सुविधा,Ciri Baru,Nieuwe functie,Ny funksjon,Nowa funkcja,Nova Funcionalidade,Nova funcionalidade,Caracteristică nouă,Новая функция,Nová funkcia,Nova funkcionalnost,Nova funkcionalnost,Ny funktion,Kipengele Kipya,புதிய அம்சம்,కొత్త లక్షణం,คุณลักษณะใหม่,Yeni Özellik,Нова функція,Tính năng Mới,新功能
chatDocsTips,"Support ChatGPT, Bard, MS Copilot...","支持 ChatGPT, Bard, MS Copilot...","የ ChatGPT, Bard, MS Copilot ይጠቀሙ...",دعم ChatGPT، Bard، MS Copilot...,"Поддръжка на ChatGPT, Bard, MS Copilot...","সাপোর্ট ChatGPT, Bard, MS Copilot...","Suporta ChatGPT, Bard, MS Copilot...","Podpora ChatGPT, Bard, MS Copilot...","Understøtter ChatGPT, Bard, MS Copilot...","Unterstützt ChatGPT, Bard, MS Copilot...","Υποστήριξη ChatGPT, Bard, MS Copilot...","Compatibilidad con ChatGPT, Bard, MS Copilot...","Soporte para ChatGPT, Bard, MS Copilot...","Toetab ChatGPT, Bard, MS Copilot...",پشتیبانی از ChatGPT، Bard، MS Copilot...,"Tuki ChatGPT, Bard, MS Copilot...","Suporta sa ChatGPT, Bard, MS Copilot...","Prise en charge de ChatGPT, Bard, MS Copilot...","સપોર્ટ ChatGPT, Bard, MS Copilot...","תמיכה ב-ChatGPT, Bard, MS Copilot...","समर्थन ChatGPT, Bard, MS Copilot...","Podrška za ChatGPT, Bard, MS Copilot...","Támogatja a ChatGPT, Bard, MS Copilot...","Dukungan ChatGPT, Bard, MS Copilot...","Supporta ChatGPT, Bard, MS Copilot...",ChatGPT、Bard、MS Copilot のサポート...,"ChatGPT, Bard, MS Copilot ಅನ್ನು ಬೆಂಬಲಿಸುತ್ತದೆ...","ChatGPT, Bard, MS Copilot 지원...","Palaiko ChatGPT, Bard, MS Copilot...","Atbalsta ChatGPT, Bard, MS Copilot...","ChatGPT, Bard, MS Copilot പിന്തുണയ്ക്കുന്നു...","समर्थन ChatGPT, Bard, MS Copilot...","Sokongan ChatGPT, Bard, MS Copilot...","Ondersteuning voor ChatGPT, Bard, MS Copilot...","Støtte for ChatGPT, Bard, MS Copilot...","Wsparcie dla ChatGPT, Bard, MS Copilot...","Suporte para ChatGPT, Bard, MS Copilot...","Suporte a ChatGPT, Bard, MS Copilot...","Suport pentru ChatGPT, Bard, MS Copilot...","Поддержка ChatGPT, Bard, MS Copilot...","Podpora ChatGPT, Bard, MS Copilot...","Podpora za ChatGPT, Bard, MS Copilot...","Podrška za ChatGPT, Bard, MS Copilot...","Stöd för ChatGPT, Bard, MS Copilot...","Msaada wa ChatGPT, Bard, MS Copilot...","ChatGPT, Bard, MS Copilot க்கு ஆதரவு...","మద్దతు ChatGPT, Bard, MS Copilot...","สนับสนุน ChatGPT, Bard, MS Copilot...","ChatGPT, Bard, MS Copilot Desteği...","Підтримка ChatGPT, Bard, MS Copilot...","Hỗ trợ ChatGPT, Bard, MS Copilot...","支援 ChatGPT, Bard, MS Copilot..."
selected,Selected,已选择,ተመን ቀይር ተመን ይምረጡ,تم الاختيار,Избрано,নির্বাচিত,Seleccionat,Vybráno,Valgt,Ausgewählt,Επιλεγμένο,Seleccionado,Seleccionado,Valitud,انتخاب شده,Valittu,Napili,Sélectionné,પસંદ કર્યું,נבחר,चयनित,Odabrano,Kiválasztva,Dipilih,Selezionato,選択済み,ಆಯ್ಕೆಯಾಗಿದೆ,선택됨,Pasirinkta,Atlasīts,തിരഞ്ഞെടുത്തു,निवडले,Dipilih,Geselecteerd,Valgt,Wybrane,Selecionado,Selecionado,Selectat,Выбрано,Vybrané,Izbrano,Izabrano,Vald,Imechaguliwa,தேர்ந்தெடுக்கப்பட்டது,ఎంచుకోబడింది,เลือก,Seçildi,Вибрано,Đã chọn,已選擇
page,Page,页,ገጾች,الصفحة,Страница,পৃষ্ঠা,Pàgina,Stránka,Side,Seite,Σελίδα,Página,Página,Lehekülg,صفحه,Sivu,Pahina,Page,પૃષ્ઠ,עמוד,पृष्ठ,Stranica,Oldal,Halaman,Pagina,ページ,ಪುಟ,페이지,Puslapis,Lapa,പേജ്,पृष्ठ,Halaman,Pagina,Side,Strona,Página,Página,Pagina,Страница,Stránka,Stran,Stranica,Sida,Ukurasa,பக்கம்,పేజీ,หน้า,Sayfa,Сторінка,Trang,頁
chatDocs.supportFormat,"Support PDF, DOCX",支持PDF、DOCX,"Support PDF, DOCX",دعم PDF، DOCX,"Поддръжка на PDF, DOCX","সাপোর্ট করে PDF, DOCX","Suporta PDF, DOCX","Podpora formátů PDF, DOCX","Understøtter PDF, DOCX","Unterstützt PDF, DOCX","Υποστήριξη PDF, DOCX","Soporte PDF, DOCX","Soporte PDF, DOCX","Toetab PDF-i, DOCX-i",پشتیبانی از PDF، DOCX,"Tuki PDF, DOCX","Suporta sa PDF, DOCX","Prise en charge PDF, DOCX","પીડીએફ, ડોક્સ આધાર પર સપોર્ટ","תמיכה ב־PDF, DOCX","PDF, DOCX का समर्थन करें","Podržava PDF, DOCX","PDF, DOCX támogatás","Dukungan PDF, DOCX","Supporto PDF, DOCX",PDF、DOCX 対応,"PDF, DOCX ಬೆಂಬಲ","PDF, DOCX 지원","Palaikomi PDF, DOCX","Atbalsta PDF, DOCX","പി.ഡി.എഫ്, ഡോക്സ് പിന്തുണച്ചാണ്","पीडीएफ, डॉक्स समर्थन","Sokongan PDF, DOCX","Ondersteunt PDF, DOCX","Støtter PDF, DOCX","Obsługa PDF, DOCX","Suporte para PDF, DOCX","Suporte para PDF, DOCX","Suport PDF, DOCX","Поддержка PDF, DOCX","Podpora pre PDF, DOCX","Podpora za PDF, DOCX","Podrška za PDF, DOCX","Stöd för PDF, DOCX","Support PDF, DOCX","பிடிஎஃப், டாக்ஸ் ஆதரித்துள்ளது","యొక్క మద్దతు PDF, DOCX","รองรับ PDF, DOCX","PDF, DOCX Desteği","Підтримка PDF, DOCX","Hỗ trợ PDF, DOCX",支持 PDF、DOCX
chatDocs.files,Files/Text,文件/文本,Files/Text,ملفات/نص,Файлове/Текст,ফাইল/টেক্সট,Fitxers/Text,Soubory/Text,Filer/Text,Dateien/Text,Αρχεία/Κείμενο,Archivos/Texto,Archivos/Texto,Failid/Tekst,فایل‌ها/متن,Tiedostot/Teksti,Mga File/Teksto,Fichiers/Texte,ફાઇલો/ટેક્સટ,קבצים/טקסט,फ़ाइलें/टेक्स्ट,Datoteke/Tekst,Fájlok/Szöveg,File/Teks,File/Testo,ファイル/テキスト,ಕಡತ/ಟೆಕ್ಸ್ಟ್,파일/텍스트,Failai/Tekstas,Faili/Teksts,കടുത്ത/എഴുത്ത്,फाइलें/टेक्स्ट,Fail/Teks,Bestanden/Tekst,Filer/Tekst,Pliki/Tekst,Arquivos/Texto,Ficheiros/Texto,Fișiere/Text,Файлы/Текст,Súbory/Text,Datoteke/Besedilo,Fajlovi/Tekst,Filer/Text,Files/Text,கோப்புகள்/உரை,ఫైళ్ళు/వచనం,ไฟล์/ข้อความ,Dosyalar/Metin,Файли/Текст,Tệp/Chữ,文件/文本
chatDocs.selectFile,Drag or select files,拖拽或选择文件,ስለዚህ ፋይል እንዳይምረጡ ወደኋላ ያግኙ ወደኋላ ያምር,اسحب أو اختر الملفات,Плъзнете или изберете файлове,ফাইল টা টেনে অথবা নির্বাচন করুন,Arrossegueu o seleccioneu fitxers,Přetáhněte nebo vyberte soubory,Træk eller vælg filer,Dateien ziehen oder auswählen,Σύρετε ή επιλέξτε αρχεία,Arrastra o selecciona archivos,Arrastra o selecciona archivos,Lohistage või valige failid,پرونده‌ها را بکشید یا انتخاب کنید,Raahaa tai valitse tiedostot,I-drag o piliin ang mga file,Faites glisser ou sélectionnez des fichiers,ફાઇલો ખેંચો અથવા પસંદ કરો,גררו או בחרו קבצים,फ़ाइलें खींचें या चयन करें,Povucite ili odaberite datoteke,Húzza vagy válassza ki a fájlokat,Seret atau pilih file,Trascina o seleziona i file,ファイルをドラッグまたは選択してください,ಫೈಲ್ಗಳನ್ನು ಎಳೆಯಿರಿ ಅಥವಾ ಆಯ್ಕೆಮಾಡಿ,파일을 드래그하거나 선택하세요,Vilkite arba pasirinkite failus,Velciet vai atlasiet failus,ഫയലുകൾ ഇഴുക്കുക അല്ലെങ്കിൽ തിരഞ്ഞെടുക്കുക,फाइल ताना किंवा निवडा,Seret atau pilih fail,Sleep of selecteer bestanden,Dra eller velg filer,Przeciągnij lub wybierz pliki,Arraste ou selecione arquivos,Arraste ou selecione ficheiros,Trageți sau selectați fișierele,Перетащите или выберите файлы,Potiahnite alebo vyberte súbory,Povleci ali izberi datoteke,Prevucite ili izaberite fajlove,Dra eller välj filer,Buruta au chagua faili,கோப்புகளை இழுத்து அல்லது தேர்ந்தெடுக்கவும்,ఫైళ్లను వలయాక లేదా ఎంచుకోండి,ลากรูปหรือเลือกไฟล์,Dosyaları sürükleyin veya seçin,Перетягніть або виберіть файли,Kéo hoặc chọn tệp,拖曳或選擇檔案
chatDocs.msgSettings,Message Settings,消息设置,መልእክት ቅንዓት,إعدادات الرسالة,Настройки за съобщения,মেসেজ সেটিংস,Configuració del missatge,Nastavení zprávy,Beskedindstillinger,Nachrichteneinstellungen,Ρυθμίσεις μηνύματος,Configuración de mensajes,Configuración de mensajes,Sõnumiseaded,تنظیمات پیام,Viestiasetukset,Mga Setting ng Mensahe,Paramètres du message,સંદેશ સેટિંગ્સ,הגדרות הודעה,संदेश सेटिंग्स,Postavke poruke,Üzenet beállítások,Pengaturan Pesan,Impostazioni messaggio,メッセージ設定,ಸಂದೇಶ ಸೆಟ್ಟಿಂಗ್ಗಳು,메시지 설정,Žinutės nustatymai,Ziņojuma iestatījumi,സന്ദേശ ക്രമീകരണങ്ങൾ,संदेश सेटिंग्ज,Tetapan Mesej,Berichtinstellingen,Meldingsinnstillinger,Ustawienia Wiadomości,Configurações de Mensagem,Configurações da Mensagem,Setări Mesaj,Настройки Сообщения,Nastavenia Správy,Nastavitve Sporočila,Podešavanja Poruke,Meddelandeinställningar,Mipangilio ya Ujumbe,செய்தி அமைப்புகள்,సందేశం సెట్టింగ్స్,ตั้งค่าข้อความ,Mesaj Ayarları,Налаштування повідомлення,Cài đặt Tin nhắn,消息設置
chatDocs.editPrompt,Edit Prompt,编辑 Prompt,ማስቀመጥ ስለሚችል,تحرير التلميح,Редакция на подсказка,প্রম্পট সম্পাদনা,Edita la indicació,Upravit upozornění,Rediger prompt,Prompt bearbeiten,Επεξεργασία οδηγίας,Editar Indicación,Editar Indicación,Muuda Viidet,ویرایش هدایت,Muokkaa Vihjetekstiä,I-edit ang Prompt,Éditer l'invite,સૂચના સંપાદિત કરો,ערוך הסבר,प्रम्पट संपादित करें,Uredi uputu,Ugró ablak szerkesztése,Edit Prompt,Modifica Prompt,プロンプトの編集,ಸೂಚನೆ ಸಂಪಾದಿಸಿ,프롬프트 편집,Redaguoti užklausą,Rediģēt Uzvedības norādi,പ്രോംപ്റ്റ് തിരുത്തുക,प्रॉम्प्ट संपादित करा,Edit Prompt,Prompt bewerken,Rediger Prompt,Edytuj Podpowiedź,Editar Prompt,Editar Prompt,Editează Sfat,Редактировать Подсказку,Upraviť Prompt,Uredi Vprašanje,Uredi Prompt,Redigera Prompt,Hariri Prompt,எடிட் ப்ராம்ப்ட்,సవరించండి ప్రాంప్ట్,แก้ไข Prompt,Prompt'u Düzenle,Редагувати Prompt,Chỉnh sửa Prompt,編輯提示
chatDocs.maxLength,Max Length,最大长度,የማከም ስልክ,الحد الأقصى للطول,Максимална дължина,সর্বাধিক দৈর্ঘ্য,Longitud màxima,Maximální délka,Maksimal længde,Maximale Länge,Μέγιστο μήκος,Longitud Máxima,Longitud Máxima,Maksimaalne Pikkus,حداکثر طول,Maksimipituus,Max na Habà,Longueur maximale,મહત્તમ લંબાઇ,אורך מרבי,अधिकतम लंबाई,Maksimalna duljina,Maximális hossz,Panjang Maksimal,Lunghezza massima,最大長,ಗರಿಷ್ಠ ಉದ್ದ,최대 길이,Maksimalus ilgis,Maksimālais garums,പരമാവധി നീളം,अधिकतम लांबी,Panjang Maksimum,Maximale lengte,Maks Lengde,Maksymalna Długość,Comprimento Máximo,Comprimento Máximo,Lungime Maximă,Максимальная Длина,Maximálna Dĺžka,Največja Dolžina,Maksimalna Dužina,Max längd,Urefu Maksimumu,அதிக நீளம்,అత్యధిక పొడవు,ความยาวสูงสุด,Maksimum Uzunluk,Максимальна довжина,Độ dài tối đa,最大長度
chatDocs.maxSendings,Max Sendings,最大发送次数,የመላክ ስልክ,الحد الأقصى لعدد الإرسال,Максимален брой изпращания,সর্বাধিক প্রেরণের সংখ্যা,Nombre màxim d'enviaments,Maximální počet odeslání,Maksimal antal afsendelser,Maximale Anzahl der Sendungen,Μέγιστος αριθμός αποστολών,Máximo de Envíos,Máximo de Envíos,Maksimaalsed Saadetised,حداکثر ارسال‌ها,Maksimilähetykset,Max na Pagsusugo,Nombre maximum d'envois,મહત્તમ મોકલવાની સંખ્યા,מספר שליחות מרבי,अधिकतम भेजने की संख्या,Maksimalni broj slanja,Maximális küldési szám,Jumlah Pengiriman Maksimal,Invii massimi,最大送信回数,ಗರಿಷ್ಠ ಕಳುಹಿಸುವ ಸಂಖ್ಯೆ,최대 전송 횟수,Maksimalus siuntimų skaičius,Maksimālais nosūtījumu skaits,പരമാവധി അയയ്ക്കൽകൾ,अधिकतम पाठवण्यांची संख्या,Penghantaran Maksimum,Maximale verzendingen,Maks Sendings,Maksymalna Liczba Wysyłek,Máximo de Envios,Máximo de Envios,Număr Maxim de Trimiteri,Максимальное Количество Отправок,Maximálny Počet Odoslaní,Največje Pošiljanje,Maksimalan Broj Slanja,Max sändningar,Idadi Kubwa ya Kutuma,அதிக அனுப்புதல்கள்,అత్యంత పంపిణీలు,จำนวนส่งสูงสุด,Maksimum Gönderim,Максимальна кількість відправлень,Số lần gửi tối đa,最大發送次數
chatDocs.sendProgress,Send Progress,发送进度,መላክ ሁኔታ,تقدم الإرسال,Прогрес на изпращане,প্রেরণের অগ্রগতি,Progrés de l'enviament,Průběh odesílání,Send fremskridt,Sendefortschritt,Πρόοδος αποστολής,Progreso de Envío,Progreso de Envío,Saada Edusammud,پیشرفت ارسال,Lähetys etenee,Padala ng Progreso,Progression de l'envoi,મોકલવાનો પ્રગતિ,התקדמות בשליחה,भेजने की प्रगति,Slanje u tijeku,Küldés folyamatban,Kirim Progres,Invio in corso,送信進捗,ಕಳುಹಿಸುತ್ತಿದೆ ಪ್ರೋಗ್ರೆಸ್,전송 진행,Siuntimo eiga,Nosūtīšanas progress,അയയ്ക്കൽ പുരോഗതി,पाठवण्याची प्रगती,Hantar Kemajuan,Verzenden Voortgang,Send Fremskritt,Stan Wysyłki,Progresso de Envio,Progresso de Envio,Progres Trimitere,Прогресс Отправки,Stav Odosielania,Napredek Pošiljanja,Progres Slanja,Sändningsframsteg,Maendeleo ya Kutuma,அனுப்புதல் முன்னேற்றம்,పంపిణీ ప్రోగ్రెస్,ความคืบหน้าในการส่ง,Gönderme İlerlemesi,Прогрес відправлення,Tiến trình Gửi,發送進度
chatDocs.sendCompleted,Send Completed,发送完成,መላክ ተሰነባበት,تم الإرسال,Изпращането завърши,প্রেরণ সম্পন্ন,Enviament completat,Odesílání dokončeno,Send fuldført,Senden abgeschlossen,Η αποστολή ολοκληρώθηκε,Envío Completado,Envío Completado,Saadetud Lõpule,ارسال کامل شد,Lähetys valmis,Padala Natapos,Envoi terminé,મોકલવું પૂર્ણ થયું,שליחה הושלמה,भेजना पूरा हुआ,Slanje završeno,Küldés befejeződött,Kirim Selesai,Invio completato,送信完了,ಕಳುಹಿಸಲಾಗಿದೆ,전송 완료,Siuntimas baigtas,Nosūtīšana pabeigta,അയയ്ക്കല്‍ പൂർത്തമായി,पाठवणे संपले,Hantar Selesai,Verzenden Voltooid,Send Fullført,Wysyłka Zakończona,Envio Concluído,Envio Concluído,Trimitere Completată,Отправка Завершена,Odoslanie Dokončené,Pošiljanje Končano,Slanje Završeno,Sändning slutförd,Kutuma Kumekamilika,அனுப்பல் முடிந்தது,పంపిణీ పూర్తి,ส่งเรียบร้อย,Gönderme Tamamlandı,Відправлення завершено,Gửi hoàn tất,發送完成
chatDocs.msgContent,Message Content,消息内容,መልእክት ይከናወናል,محتوى الرسالة,Съдържание на съобщението,মেসেজের কনটেন্ট,Contingut del missatge,Obsah zprávy,Beskedindhold,Nachrichteninhalt,Περιεχόμενο μηνύματος,Contenido del Mensaje,Contenido del Mensaje,Sõnumi Sisu,محتوای پیام,Viestin Sisältö,Nilalaman ng Mensahe,Contenu du message,સંદેશ સારાંશ,תוכן ההודעה,संदेश सामग्री,Sadržaj poruke,Üzenet tartalom,Konten Pesan,Contenuto messaggio,メッセージ内容,ಸಂದೇಶ ವಿಷಯಾಂತರ,메시지 내용,Žinutės turinys,Ziņojuma saturs,സന്ദേശ ഉള്ളടക്കം,संदेश सामग्री,Kandungan Mesej,Berichtinhoud,Meldingsinnhold,Treść Wiadomości,Conteúdo da Mensagem,Conteúdo da Mensagem,Conținut Mesaj,Содержание Сообщения,Obsah Správy,Vsebina Sporočila,Sadržaj Poruke,Meddelandeinnehåll,Yaliyomo ya Ujumbe,செய்தி உள்ளடக்கம்,సందేశ కంటెంట్,เนื้อหาข้อความ,Mesaj İçeriği,Зміст повідомлення,Nội dung Tin nhắn,消息內容
chatDocs.startChatting,You can start chatting now!,你可以开始聊天了！,እንደሚሰማ መንገድ ተነስቶ ይጀምራል!,يمكنك بدء الدردشة الآن!,Вече можете да започнете чат!,আপনি এখন চ্যাট শুরু করতে পারেন!,Pots començar a xatejar ara!,Můžete začít chatovat nyní!,Du kan begynde at chatte nu!,Sie können jetzt chatten!,Μπορείτε να αρχίσετε τη συνομιλία τώρα!,¡Puedes empezar a chatear ahora!,¡Puedes empezar a chatear ahora!,Võid nüüd vestlust alustada!,اکنون می‌توانید چت را شروع کنید!,Voit aloittaa keskustelun nyt!,Maaari ka nang magsimula ng kausap!,Vous pouvez commencer à discuter maintenant !,તમે હવે ચેટિંગ શરૂ કરી શકો છો!,אתה יכול להתחיל לשוחח כעת!,आप अब चैटिंग शुरू कर सकते हैं!,Možete početi razgovarati sada!,Most kezdheti a beszélgetést!,Anda bisa mulai chatting sekarang!,Puoi iniziare a chattare adesso!,今すぐチャットを始めることができます！,ನೀವು ಈಗ ಚಾಟಿಂಗ್ ಆರಂಭಿಸಬಹುದು!,이제 채팅을 시작할 수 있습니다!,Dabar galite pradėti pokalbį!,Jūs varat sākt čatot tagad!,നിന്ന് നിന്നേക്ക് ചാറ്റിംഗ് ആരംഭിക്കാം!,तुम्ही आता गप्पा सुरू करू शकता!,Anda boleh mula berbual sekarang!,Je kunt nu beginnen met chatten!,Du kan begynne å chatte nå!,Możesz teraz zacząć rozmawiać!,Você pode começar a conversar agora!,Pode começar a conversar agora!,Puteți începe să discutați acum!,Теперь вы можете начать чат!,Teraz môžete začať chýbať!,Lahko začnete klepetati zdaj!,Možete početi sa četovanjem sada!,Du kan börja chatta nu!,Unaweza kuanza kuchat sasa!,நீங்கள் இப்போது உரையாடல் ஆரம்பிக்கலாம்!,మీరు ఇప్పటికే చాటింగ్ ప్రారంభించవచ్చు!,คุณสามารถเริ่มสนทนาได้แล้ว!,Şimdi sohbet etmeye başlayabilirsiniz!,Ви можете почати спілкування зараз!,Bạn có thể bắt đầu trò chuyện ngay bây giờ!,你現在可以開始聊天了！
chatDocs.notSupported,This page does not support automatic sending. Please copy the message and send it manually.,此页面不支持自动发送，请复制消息发送,ይህ ገጽ ራስ-ሰር መላክን አይደግፍም. እባክዎ መልዕክቱን ይቅዱ እና እራስዎ ይላኩ.,هذه الصفحة لا تدعم الإرسال التلقائي. يرجى نسخ الرسالة وإرسالها يدويًا.,"Тази страница не поддържа автоматично изпращане. Моля, копирайте съобщението и го изпратете ръчно.",এই পৃষ্ঠাটি স্বয়ংক্রিয় প্রেরণকে সমর্থন করে না। দয়া করে বার্তাটি অনুলিপি করুন এবং এটি ম্যানুয়ালি প্রেরণ করুন।,Aquesta pàgina no admet l'enviament automàtic. Copieu el missatge i envieu -lo manualment.,Tato stránka nepodporuje automatické odesílání. Zkopírujte zprávu a odešlete ji ručně.,Denne side understøtter ikke automatisk afsendelse. Kopier meddelelsen og send den manuelt.,Diese Seite unterstützt das automatische Senden nicht. Bitte kopieren Sie die Nachricht und senden Sie sie manuell.,Αυτή η σελίδα δεν υποστηρίζει αυτόματη αποστολή. Αντιγράψτε το μήνυμα και στείλτε το χειροκίνητα.,Esta página no admite el envío automático. Copie el mensaje y envíelo manualmente.,Esta página no admite el envío automático. Copie el mensaje y envíelo manualmente.,See leht ei toeta automaatset saatmist. Kopeerige sõnum ja saatke see käsitsi.,این صفحه از ارسال خودکار پشتیبانی نمی کند. لطفا پیام را کپی کرده و به صورت دستی ارسال کنید.,Tämä sivu ei tue automaattista lähettämistä. Kopioi viesti ja lähetä se manuaalisesti.,Ang pahinang ito ay hindi sumusuporta sa awtomatikong pagpapadala. Mangyaring kopyahin ang mensahe at manu -manong ipadala ito.,Cette page ne prend pas en charge l'envoi automatique. Veuillez copier le message et l'envoyer manuellement.,આ પૃષ્ઠ સ્વચાલિત મોકલવાનું સમર્થન કરતું નથી. કૃપા કરીને સંદેશની નકલ કરો અને તેને જાતે મોકલો.,דף זה אינו תומך בשליחה אוטומטית. אנא העתק את ההודעה ושלח אותה ידנית.,यह पृष्ठ स्वचालित भेजने का समर्थन नहीं करता है। कृपया संदेश कॉपी करें और इसे मैन्युअल रूप से भेजें।,Ova stranica ne podržava automatsko slanje. Kopirajte poruku i pošaljite je ručno.,"Ez az oldal nem támogatja az automatikus küldéseket. Kérjük, másolja az üzenetet, és küldje el manuálisan.",Halaman ini tidak mendukung pengiriman otomatis. Harap salin pesan dan kirimkan secara manual.,Questa pagina non supporta l'invio automatico. Si prega di copiare il messaggio e inviarlo manualmente.,このページは、自動送信をサポートしていません。メッセージをコピーして手動で送信してください。,ಈ ಪುಟವು ಸ್ವಯಂಚಾಲಿತ ಕಳುಹಿಸುವಿಕೆಯನ್ನು ಬೆಂಬಲಿಸುವುದಿಲ್ಲ. ದಯವಿಟ್ಟು ಸಂದೇಶವನ್ನು ನಕಲಿಸಿ ಮತ್ತು ಅದನ್ನು ಕೈಯಾರೆ ಕಳುಹಿಸಿ.,이 페이지는 자동 전송을 지원하지 않습니다. 메시지를 복사하여 수동으로 보내주십시오.,Šis puslapis nepalaiko automatinio siuntimo. Nukopijuokite pranešimą ir atsiųskite jį rankiniu būdu.,"Šī lapa neatbalsta automātisku sūtīšanu. Lūdzu, nokopējiet ziņojumu un nosūtiet to manuāli.",ഈ പേജ് യാന്ത്രിക അയയ്ക്കുന്നതിനെ പിന്തുണയ്ക്കുന്നില്ല. സന്ദേശം പകർത്തി സ്വമേധയാ അയയ്ക്കുക.,हे पृष्ठ स्वयंचलित पाठविण्यास समर्थन देत नाही. कृपया संदेश कॉपी करा आणि तो व्यक्तिचलितपणे पाठवा.,Halaman ini tidak menyokong penghantaran automatik. Sila salin mesej dan hantarkan secara manual.,Deze pagina ondersteunt geen automatisch verzenden. Kopieer het bericht en stuur het handmatig.,Denne siden støtter ikke automatisk sending. Kopier meldingen og send den manuelt.,Ta strona nie obsługuje automatycznego wysyłania. Skopiuj wiadomość i wysyłaj ją ręcznie.,Esta página não suporta o envio automático. Copie a mensagem e envie -a manualmente.,Esta página não suporta o envio automático. Copie a mensagem e envie -a manualmente.,Această pagină nu acceptă trimiterea automată. Vă rugăm să copiați mesajul și să -l trimiteți manual.,"Эта страница не поддерживает автоматическую отправку. Пожалуйста, скопируйте сообщение и отправьте его вручную.",Táto stránka nepodporuje automatické odosielanie. Skopírujte správu a pošlite ju manuálne.,Ta stran ne podpira samodejnega pošiljanja. Kopirajte sporočilo in ga pošljite ročno.,Ова страница не подржава аутоматско слање. Копирајте поруку и пошаљите га ручно.,Denna sida stöder inte automatisk sändning. Kopiera meddelandet och skicka det manuellt.,Ukurasa huu hauungi mkono kutuma moja kwa moja. Tafadhali nakili ujumbe na utumie kwa mikono.,இந்த பக்கம் தானியங்கி அனுப்புதலை ஆதரிக்காது. தயவுசெய்து செய்தியை நகலெடுத்து கைமுறையாக அனுப்புங்கள்.,ఈ పేజీ ఆటోమేటిక్ పంపడానికి మద్దతు ఇవ్వదు. దయచేసి సందేశాన్ని కాపీ చేసి మానవీయంగా పంపండి.,หน้านี้ไม่รองรับการส่งอัตโนมัติ กรุณาคัดลอกข้อความและส่งด้วยตนเอง,Bu sayfa otomatik göndermeyi desteklemez. Lütfen mesajı kopyalayın ve manuel olarak gönderin.,"Ця сторінка не підтримує автоматичне надсилання. Будь ласка, скопіюйте повідомлення та надішліть його вручну.",Trang này không hỗ trợ gửi tự động. Vui lòng sao chép tin nhắn và gửi thủ công.,此頁面不支持自動發送。請複制消息並手動發送。
chatDocs.autoSending,Auto Sending,自动发送,እንደሚቆጠር መላክ,الإرسال التلقائي,Автоматично изпращане,অটো প্রেরণ,Enviament automàtic,Automatické odesílání,Auto afsendelse,Automatisches Senden,Αυτόματη αποστολή,Envío Automático,Envío Automático,Automaatne Saatmine,ارسال خودکار,Automaattilähetys,Auto Padala,Envoi automatique,આપતી મોકલવું,שליחה אוטומטית,आत्म-भेजन,Automatsko slanje,Automatikus küldés,Pengiriman Otomatis,Invio automatico,自動送信,ಸ್ವಯಂ ಕಳುಹಿಸುತ್ತಿದೆ,자동 전송,Automatinis siuntimas,Automātiska sūtīšana,ഓട്ടോ അയയ്ക്കൽ,स्वत: पाठवणे,Penghantaran Automatik,Automatisch verzenden,Auto Sending,Automatyczne Wysyłanie,Envio Automático,Envio Automático,Trimitere Automată,Автоматическая Отправка,Automatické Odosielanie,Avtomatsko Pošiljanje,Automatsko Slanje,Automatisk sändning,Kutuma Kiotomatiki,தானாக அனுப்புதல்,స్వీయం పంపిణీ,การส่งอัตโนมัติ,Otomatik Gönderim,Автоматичне відправлення,Tự động Gửi,自動發送
chatDocs.chooseContentRelevant,Choose content more relevant to the topic you want to learn about,选择与你想了解的主题更相关的内容,ከመረጡ የሚያሳውቁ ተግባራዎችን ለመረጡ ይችላሉ,اختر محتوى أكثر صلة بالموضوع الذي ترغب في التعلم عنه,"Изберете съдържание, свързано с темата, за която искате да научите повече",আপনি যে বিষয়ে আরও জানতে চান তা সম্পর্কিত কনটেন্ট চয়ন করুন,Trieu contingut més rellevant pel tema que voleu aprendre,"Vyberte obsah více relevantní k tématu, které chcete studovat","Vælg indhold mere relevant for det emne, du ønsker at lære om","Wählen Sie Inhalte, die zum gewünschten Thema passen",Επιλέξτε περιεχόμενο που σχετίζεται περισσότερο με το θέμα που θέλετε να μάθετε,Elige contenido más relevante para el tema que deseas aprender,Elige contenido más relevante para el tema que deseas aprender,Valige teema kohta rohkem seotud sisu,محتوای مرتبط با موضوعی که می‌خواهید درباره آن یاد بگیرید را انتخاب کنید,Valitse aiheeseesi liittyvämpi sisältö,Pumili ng nilalaman na mas kaugnay sa paksa na nais mong malaman,Choisissez un contenu plus pertinent pour le sujet que vous souhaitez apprendre,તમારા શીખવાના વિષય સાથે સંબંધિત કન્ટેન્ટ પસંદ કરો,בחר תוכן הקשור יותר לנושא שברצונך ללמוד עליו,"उस विषय के बारे में सीखना जिस पर आप चर्चा करना चाहते हैं, उससे संबंधित सामग्री चुनें",Odaberite sadržaj koji je relevantan za temu koju želite naučiti,"Válassza ki a témához relevánsabb tartalmat, amiről szeretne tanulni",Pilih konten yang lebih relevan dengan topik yang ingin Anda pelajari,Scegli contenuti più pertinenti all'argomento che vuoi apprendere,学びたいトピックに関連するコンテンツを選択してください,ನೀವು ಕಲಿಯಬಯಸುವ ವಿಷಯಕ್ಕೆ ಹೆಚ್ಚಿನ ಸಂಬಂಧಪಟ್ಟ ವಿಷಯಗಳನ್ನು ಆರಿಸಿ,학습하고 싶은 주제와 관련된 콘텐츠를 선택하세요,"Pasirinkite turinį, kuris yra labiau susijęs su jumis dominančia tema","Izvēlieties saturu, kas ir saistīts ar tēmu, par kuru vēlaties uzzināt",നിങ്ങളുടെ അറിവിനായി കരുതോട്ട വിഷയത്തിനു കൂടുതൽ ബന്ധമായ ഉള്ളടക്കം തിരഞ്ഞെടുക്കുക,तुम्हाला ओळखायचं विषयसंबंधित आशय निवडा,Pilih kandungan yang lebih berkaitan dengan topik yang anda ingin ketahui,Kies inhoud die relevanter is voor het onderwerp dat je wilt leren,Velg innhold som er mer relevant for emnet du vil lære om,"Wybierz treść bardziej związana z tematem, który chcesz się dowiedzieć",Escolha conteúdo mais relevante para o tópico que você deseja aprender,Escolha conteúdo mais relevante para o tópico que deseja aprender,Alegeți conținut mai relevant pentru subiectul pe care doriți să îl învățați,"Выберите более релевантный контент по теме, которую вы хотите изучить","Vyberte obsah, ktorý je viac relevantný pre tému, ktorú chcete študovať","Izberite vsebino, ki je bolj relevantna za temo, ki se je želite naučiti",Izaberite sadržaj koji je relevantniji za temu koju želite naučiti,Välj innehåll som är mer relevant för det ämne du vill lära dig om,Chagua yaliyomo inayohusiana zaidi na mada unayotaka kujifunza kuhusu,நீங்கள் அறிந்திருக்க விரும்பும் பகுதிக்கு உரையாடல் தேர்ந்தெடுக்கவும்,మీరు కలిగిన విషయానికి అనుసంధానం కలిగిన కంటెంట్ ఎంచుకోండి,เลือกเนื้อหาที่เกี่ยวข้องมากขึ้นกับหัวข้อที่คุณต้องการเรียนรู้,Öğrenmek istediğiniz konuyla daha ilgili içerik seçin,"Виберіть вміст, який більше відповідає темі, яку ви хочете вивчити",Chọn nội dung liên quan hơn đến chủ đề bạn muốn tìm hiểu,選擇與你想了解的主題更相關的內容
